timestamp,method,bank,wallet,amount,status,error_reason
2026-02-27 11:22:08,Credit Card,SBI,,3540.57,Success,
2026-03-05 00:53:44,Debit Card,HDFC,,1315.27,Success,
2026-01-09 22:27:40,UPI,SBI,AmazonPay,411.23,Success,
2026-02-02 13:15:22,Wallet,,PhonePe,1727.91,Success,
2026-02-03 12:32:16,Net Banking,Axis,,4313.99,Success,
2026-03-02 15:37:33,UPI,SBI,,264.15,Failed,OTP Failed
2026-01-17 02:17:15,Wallet,,Paytm,1386.63,Success,
2026-02-09 18:59:02,UPI,SBI,,1274.26,Success,
2026-03-24 16:59:42,Net Banking,HDFC,,2768.67,Success,
2026-03-19 00:05:20,Net Banking,ICICI,,4155.88,Success,
2025-12-30 01:53:06,UPI,HDFC,,597.39,Success,
2026-01-06 15:28:53,Credit Card,ICICI,,4450.63,Success,
2026-02-26 09:23:46,Wallet,,,871.28,Success,
2026-02-14 21:52:28,UPI,,,1422.74,Success,
2026-02-26 16:13:21,Debit Card,Axis,,3963.61,Success,
2026-02-05 17:41:10,Net Banking,,,1358.39,Failed,Insufficient Balance
2026-02-18 17:50:16,UPI,HDFC,Paytm,593.98,Success,
2026-02-11 11:14:41,UPI,ICICI,PhonePe,671.56,Success,
2025-12-29 04:21:57,Debit Card,SBI,,1121.51,Success,
2026-01-19 15:43:10,Credit Card,HDFC,,1968.04,Success,
2026-01-15 03:41:33,Debit Card,,,3640.08,Success,
2026-01-03 09:15:35,Debit Card,HDFC,,4680.04,Success,
2026-01-04 21:56:53,Net Banking,Axis,,1626.25,Success,
2026-02-27 18:09:21,UPI,HDFC,,436.94,Failed,Insufficient Balance
2026-02-17 23:04:33,UPI,ICICI,,1934.49,Success,
2026-03-19 00:59:26,UPI,Kotak,,341.34,Success,
2026-02-25 11:20:54,Debit Card,ICICI,,856.26,Success,
2026-02-21 17:25:13,Wallet,,GooglePay,505.51,Success,
2026-03-18 07:17:47,Net Banking,Axis,,7479.67,Success,
2025-12-28 05:48:50,Debit Card,Axis,,1205.7,Success,
2026-02-17 00:49:08,Debit Card,,,3624.33,Success,
2026-02-06 09:44:00,Net Banking,Kotak,,3306.16,Success,
2026-02-26 17:02:02,Net Banking,SBI,,8198.59,Success,
2026-02-03 13:38:54,Wallet,,Paytm,1692.14,Failed,Insufficient Balance
2026-03-16 00:20:18,UPI,HDFC,Paytm,1631.1,Success,
2026-02-21 20:57:08,UPI,HDFC,,1670.13,Success,
2025-12-29 01:58:30,Debit Card,SBI,,535.71,Success,
2026-01-03 23:58:34,Debit Card,SBI,,484.53,Success,
2026-02-12 13:08:56,UPI,HDFC,,1306.01,Success,
2026-01-11 01:12:03,UPI,HDFC,,1888.76,Failed,Network Error
2026-01-10 11:25:41,Credit Card,Kotak,,257.6,Success,
2026-03-02 14:30:09,Net Banking,Axis,,3289.64,Success,
2026-03-05 07:12:31,Credit Card,SBI,,2523.14,Failed,
2025-12-30 22:29:27,UPI,SBI,,1090.45,Failed,Insufficient Balance
2026-03-16 04:57:26,Credit Card,Axis,,1680.26,Success,
2026-01-07 09:38:57,Credit Card,ICICI,,1854.43,Success,
2026-01-10 20:11:22,UPI,HDFC,PhonePe,1791.97,Success,
2026-03-10 17:46:12,Wallet,,GooglePay,1305.6,Success,
2026-03-15 05:39:09,Wallet,,,141.72,Success,
2026-02-10 23:49:44,UPI,Axis,,865.98,Success,
2026-03-11 21:18:22,Credit Card,SBI,,4864.43,Success,
2026-02-15 10:17:09,Net Banking,SBI,,809.98,Success,
2026-03-23 04:36:15,Net Banking,HDFC,,1295.04,Success,
2026-02-21 06:36:04,Net Banking,Kotak,,1821.27,Failed,Network Error
2026-01-08 10:42:58,Net Banking,SBI,,3893.14,Failed,Insufficient Balance
2026-03-16 12:07:35,Wallet,,PhonePe,741.55,Success,
2026-03-18 13:46:20,UPI,HDFC,,1062.4,Failed,Network Error
2026-02-10 03:02:55,Net Banking,SBI,,7928.06,Success,
2026-02-05 02:27:29,Credit Card,SBI,,2634.96,Success,
2026-03-17 04:59:43,Debit Card,SBI,,1528.43,Success,
2026-03-06 13:13:35,Net Banking,HDFC,,4277.16,Success,
2026-01-22 00:50:52,Credit Card,HDFC,,4385.11,Success,
2026-03-24 03:51:12,Net Banking,Axis,,1437.22,Success,
2026-01-01 20:37:52,Debit Card,ICICI,,3970.77,Success,
2026-02-12 07:52:26,Credit Card,HDFC,,2401.17,Success,
2026-03-20 14:55:45,Credit Card,SBI,,2714.54,Success,
2026-03-24 17:32:41,Debit Card,HDFC,,1364.5,Success,
2026-03-18 13:40:26,Debit Card,Axis,,3027.8,Success,
2026-01-30 13:10:17,UPI,SBI,PhonePe,270.03,Success,
2026-03-08 17:49:10,UPI,,,1031.46,Failed,Insufficient Balance
2026-01-26 01:29:05,UPI,ICICI,,1389.42,Success,
2026-03-04 21:36:54,Credit Card,ICICI,,4431.23,Success,
2026-01-26 14:33:44,Debit Card,SBI,,3697.55,Success,
2025-12-26 15:03:25,Credit Card,Kotak,,4651.94,Success,
2026-01-10 08:50:30,Wallet,,GooglePay,958.21,Success,
2026-01-06 14:12:23,UPI,SBI,,974.35,Success,
2026-03-21 20:43:01,UPI,Axis,,1356.33,Success,
2026-01-28 17:30:17,Net Banking,SBI,,5311.48,Success,
2026-01-08 22:11:51,Debit Card,SBI,,184.79,Success,
2026-02-05 21:39:17,Net Banking,SBI,,4543.78,Failed,OTP Failed
2026-03-06 14:53:37,Wallet,,PhonePe,512.03,Success,
2026-02-09 20:06:50,Debit Card,SBI,,787.55,Success,
2026-03-10 02:31:12,UPI,SBI,PhonePe,1750.4,Success,
2025-12-27 09:33:20,Net Banking,HDFC,,3233.99,Success,
2026-03-13 09:17:59,Credit Card,SBI,,3098.04,Success,
2026-03-17 00:07:45,UPI,SBI,,809.26,Success,
2026-01-05 22:39:47,UPI,Axis,AmazonPay,1852.17,Success,
2026-01-18 19:02:17,Debit Card,ICICI,,1957.79,Success,
2026-01-19 01:58:25,Net Banking,ICICI,,6100.32,Success,
2026-01-12 21:48:23,UPI,Axis,,1372.95,Failed,Card Expired
2025-12-26 15:30:47,Net Banking,Kotak,,8524.66,Success,
2026-01-03 21:36:07,Net Banking,SBI,,4074.32,Success,
2026-03-16 01:16:18,UPI,,,1010.08,Success,
2026-03-03 14:48:53,Credit Card,,,2105.2,Success,
2026-03-01 06:42:13,UPI,SBI,,1797.27,Failed,Network Error
2025-12-29 18:03:15,Debit Card,HDFC,,1144.91,Success,
2026-01-23 05:16:51,Debit Card,ICICI,,852.62,Success,
2026-03-13 14:09:44,Debit Card,SBI,,2715.74,Success,
2026-03-11 22:48:41,Debit Card,,,276.79,Success,
2026-02-04 06:01:10,Debit Card,ICICI,,3205.17,Success,
2026-02-20 12:04:00,Net Banking,HDFC,,8002.69,Success,
2026-01-07 11:50:50,Credit Card,HDFC,,756.18,Failed,Network Error
2026-03-03 12:48:48,Wallet,,Paytm,1949.95,Success,
2026-02-15 13:48:18,Debit Card,SBI,,2166.95,Success,
2026-01-10 12:53:30,Debit Card,ICICI,,3962.43,Success,
2026-01-20 10:55:50,Debit Card,,,97.02,Success,
2026-01-31 15:39:51,Wallet,,Paytm,1998.31,Success,
2026-02-19 21:55:51,Debit Card,SBI,,1875.81,Success,
2026-01-07 08:06:25,Credit Card,HDFC,,2683.08,Success,
2026-01-14 19:05:03,UPI,Axis,PhonePe,1291.98,Success,
2026-01-21 09:14:27,Wallet,,GooglePay,547.6,Success,
2026-01-16 16:03:03,Credit Card,HDFC,,2950.58,Failed,Insufficient Balance
2026-02-17 19:29:38,Net Banking,Axis,,1338.74,Success,
2026-01-22 18:18:17,Debit Card,SBI,,872.37,Success,
2026-01-21 02:00:01,Wallet,,Paytm,170.59,Success,
2026-01-23 12:21:44,UPI,HDFC,,1616.25,Success,
2026-03-10 17:18:00,UPI,HDFC,,657.66,Success,
2026-03-18 17:38:08,Debit Card,HDFC,,4518.7,Success,
2026-02-10 11:59:47,Credit Card,,,2959.32,Failed,Card Expired
2026-02-07 11:03:32,UPI,ICICI,,550.59,Success,
2026-01-15 03:21:49,Net Banking,Axis,,1783.44,Success,
2026-02-04 11:29:51,Wallet,,Paytm,490.03,Success,
2026-02-01 03:17:41,Credit Card,ICICI,,1428.14,Failed,Network Error
2026-02-28 03:17:30,Debit Card,SBI,,1882.39,Success,
2026-01-01 00:39:12,UPI,,,328.53,Failed,
2026-02-06 14:17:05,Credit Card,HDFC,,4091.38,Failed,Network Error
2026-01-28 19:44:56,Debit Card,SBI,,2593.29,Success,
2026-02-19 15:28:06,Credit Card,SBI,,4583.8,Success,
2026-01-19 02:39:54,Debit Card,Axis,,4403.18,Success,
2025-12-31 14:23:42,Net Banking,,,3334.39,Success,
2026-03-14 14:07:19,Credit Card,Axis,,660.49,Success,
2026-01-23 04:33:05,Credit Card,HDFC,,2807.95,Success,
2026-02-23 10:13:13,Wallet,,GooglePay,1672.24,Success,
2026-03-20 01:09:38,Wallet,,PhonePe,1070.23,Failed,Card Expired
2026-01-08 00:23:01,Wallet,,GooglePay,198.18,Success,
2026-01-04 21:21:29,Debit Card,HDFC,,4621.02,Success,
2026-02-18 19:47:16,Credit Card,ICICI,,842.58,Success,
2026-01-18 16:23:42,Debit Card,,,3389.19,Success,
2026-03-04 00:20:03,Credit Card,HDFC,,915.05,Success,
2026-01-02 14:33:07,Debit Card,Axis,,2962.41,Success,
2026-02-05 13:03:32,Credit Card,SBI,,3633.82,Success,
2026-01-30 15:52:16,Credit Card,Axis,,3380.07,Success,
2026-01-26 06:44:57,Credit Card,HDFC,,243.63,Success,
2026-01-30 16:56:34,Credit Card,Axis,,3682.14,Success,
2026-03-25 06:47:36,Credit Card,ICICI,,130.83,Success,
2026-01-21 18:30:45,Net Banking,Axis,,3358.33,Success,
2026-03-03 02:44:02,UPI,HDFC,,1643.05,Failed,Insufficient Balance
2026-01-30 18:59:36,UPI,SBI,,739.92,Success,
2026-01-17 14:43:01,Credit Card,SBI,,3740.23,Success,
2026-02-16 08:00:22,Net Banking,Kotak,,2782.31,Success,
2026-01-09 12:37:58,Debit Card,HDFC,,4261.46,Success,
2026-02-25 10:01:52,Credit Card,Axis,,3393.98,Success,
2026-02-22 17:42:39,Net Banking,HDFC,,5776.15,Failed,Insufficient Balance
2025-12-31 10:04:31,Credit Card,HDFC,,3407.06,Success,
2026-02-21 18:24:39,Credit Card,ICICI,,2453.07,Success,
2026-01-06 08:11:34,Net Banking,ICICI,,4625.99,Success,
2026-03-21 01:02:00,UPI,HDFC,,1524.86,Success,
2025-12-29 06:43:24,UPI,SBI,,1826.52,Success,
2026-03-08 19:23:35,Wallet,,PhonePe,469.4,Success,
2026-03-18 07:08:18,UPI,Axis,,796.4,Success,
2026-01-05 07:03:07,Debit Card,HDFC,,3470.9,Success,
2026-01-13 07:54:12,Credit Card,Kotak,,941.86,Success,
2026-03-06 23:22:14,Net Banking,SBI,,5807.19,Success,
2026-01-10 06:36:27,Credit Card,HDFC,,1103.76,Success,
2026-03-04 00:36:35,UPI,HDFC,,1628.13,Failed,Insufficient Balance
2026-03-23 06:22:58,UPI,ICICI,,1633.74,Success,
2026-02-23 09:00:11,UPI,ICICI,,629.48,Failed,
2026-01-10 14:10:04,Credit Card,SBI,,3015.74,Failed,OTP Failed
2026-01-19 03:04:07,Net Banking,HDFC,,7558.24,Failed,Insufficient Balance
2026-01-07 06:54:57,UPI,,,338.73,Success,
2026-03-23 00:30:53,Net Banking,SBI,,3423.49,Success,
2026-03-06 07:33:49,Credit Card,HDFC,,1562.56,Success,
2026-03-24 18:28:24,Credit Card,SBI,,283.93,Success,
2026-02-12 06:10:21,UPI,,GooglePay,250.08,Success,
2026-01-05 09:26:05,Credit Card,HDFC,,1289.22,Success,
2026-03-24 12:31:49,Debit Card,SBI,,4749.0,Success,
2026-01-19 18:51:40,UPI,HDFC,,836.98,Success,
2026-01-31 17:37:43,Net Banking,SBI,,5913.93,Success,
2026-01-29 02:40:43,Credit Card,SBI,,1879.68,Success,
2026-01-24 18:04:05,Net Banking,Axis,,5767.23,Success,
2026-02-22 08:02:36,Credit Card,Axis,,114.72,Success,
2026-02-06 20:17:37,UPI,HDFC,,655.9,Success,
2026-02-11 10:39:04,UPI,SBI,PhonePe,1490.39,Success,
2026-02-03 08:10:48,Credit Card,ICICI,,4844.66,Success,
2026-03-13 21:39:33,Wallet,,Paytm,337.69,Success,
2026-03-19 01:35:25,Wallet,,,1622.11,Success,
2026-02-04 13:53:51,Credit Card,ICICI,,4054.42,Success,
2026-01-29 16:01:56,Credit Card,HDFC,,2857.96,Success,
2026-02-10 19:22:43,Credit Card,Axis,,4935.45,Success,
2026-03-13 02:47:36,Wallet,,GooglePay,1874.06,Success,
2026-01-09 04:56:40,Credit Card,Axis,,2232.34,Success,
2026-03-13 02:56:22,Credit Card,ICICI,,4186.02,Success,
2026-03-04 07:34:02,UPI,HDFC,PhonePe,266.75,Success,
2026-02-01 06:34:28,Net Banking,Axis,,4284.36,Success,
2026-02-13 20:27:54,Debit Card,SBI,,3785.81,Success,
2026-01-10 03:56:03,Debit Card,Axis,,4298.21,Success,
2026-01-30 16:15:43,UPI,SBI,,752.96,Success,
2026-01-06 13:04:43,Credit Card,HDFC,,2256.04,Success,
2026-03-10 03:02:10,Debit Card,SBI,,4092.63,Failed,Network Error
2026-01-05 22:59:47,Debit Card,HDFC,,3390.6,Success,
2026-03-08 15:46:20,Credit Card,SBI,,1358.88,Success,
2026-03-16 09:20:35,UPI,ICICI,,1074.14,Success,
2026-02-23 12:27:40,Credit Card,ICICI,,1979.81,Success,
2026-03-06 13:21:46,UPI,SBI,,224.97,Success,
2026-01-07 20:07:25,Net Banking,Axis,,9063.86,Success,
2026-03-13 00:36:27,Wallet,,Paytm,520.46,Success,
2026-01-02 05:52:09,Wallet,,Paytm,628.86,Success,
2026-02-28 19:58:03,Credit Card,HDFC,,2199.07,Success,
2026-02-27 02:36:18,UPI,ICICI,Paytm,132.72,Success,
2025-12-31 02:37:09,Debit Card,SBI,,3908.44,Success,
2025-12-28 13:44:58,Debit Card,HDFC,,1505.3,Failed,Network Error
2026-01-18 11:14:34,Net Banking,,,7049.94,Success,
2026-03-20 20:51:16,UPI,Axis,,258.61,Failed,Network Error
2026-03-05 10:16:40,UPI,HDFC,,931.82,Success,
2026-02-07 04:16:42,Credit Card,HDFC,,4321.53,Failed,
2026-03-16 03:59:11,Debit Card,HDFC,,4900.49,Success,
2026-01-15 17:15:16,Debit Card,SBI,,2625.66,Success,
2026-02-06 18:46:11,UPI,ICICI,,1304.65,Success,
2026-01-03 05:40:57,Credit Card,ICICI,,3315.53,Success,
2026-01-31 21:45:00,UPI,Axis,,1783.53,Success,
2026-02-27 04:38:25,Credit Card,SBI,,3373.0,Success,
2026-02-26 02:14:45,UPI,HDFC,,646.03,Success,
2026-02-27 15:40:49,Net Banking,SBI,,8960.66,Success,
2026-02-12 10:01:07,UPI,Kotak,,416.23,Success,
2026-03-26 11:12:16,Credit Card,SBI,,1551.37,Success,
2026-03-10 00:53:58,Credit Card,SBI,,1756.43,Success,
2026-03-11 07:58:36,Debit Card,Axis,,442.97,Success,
2026-01-08 19:37:08,Debit Card,SBI,,1226.32,Success,
2026-03-04 15:22:45,UPI,Axis,GooglePay,1280.4,Success,
2026-03-18 21:59:08,Wallet,,PhonePe,1980.1,Success,
2026-02-03 12:44:10,Debit Card,Axis,,1246.98,Success,
2026-02-12 12:54:42,Credit Card,SBI,,4063.53,Success,
2026-03-02 02:39:13,UPI,SBI,,1497.07,Success,
2026-01-15 17:27:43,Debit Card,SBI,,4802.27,Success,
2026-03-09 01:27:46,UPI,SBI,PhonePe,753.93,Success,
2026-02-09 05:51:32,Debit Card,SBI,,1377.06,Success,
2026-01-05 01:42:29,Credit Card,HDFC,,3408.77,Success,
2026-01-05 01:04:38,UPI,SBI,,1669.27,Failed,Network Error
2026-03-24 06:19:37,Credit Card,HDFC,,2216.99,Failed,Network Error
2026-01-26 07:47:11,Debit Card,HDFC,,3812.71,Success,
2026-02-01 05:45:19,UPI,HDFC,,1231.48,Failed,Card Expired
2026-03-18 10:49:27,Credit Card,HDFC,,919.95,Success,
2026-01-10 02:36:56,Debit Card,ICICI,,4147.08,Success,
2026-01-04 16:46:20,Wallet,,Paytm,784.24,Success,
2026-03-25 22:10:58,Debit Card,SBI,,1657.5,Success,
2026-01-08 10:46:45,Net Banking,ICICI,,8528.58,Success,
2026-01-15 08:19:59,Credit Card,SBI,,506.35,Success,
2026-01-30 08:54:05,Credit Card,Axis,,2493.9,Success,
2026-01-13 04:04:43,Net Banking,HDFC,,6091.16,Success,
2026-03-01 17:11:08,Credit Card,,,1198.92,Failed,Insufficient Balance
2026-03-01 09:30:34,UPI,HDFC,,1865.81,Success,
2026-03-11 23:14:06,UPI,HDFC,,1105.01,Success,
2026-02-11 03:38:53,UPI,SBI,PhonePe,1361.21,Success,
2026-01-12 05:05:37,Wallet,,Paytm,1352.48,Success,
2026-02-12 03:56:26,Debit Card,ICICI,,1431.82,Success,
2026-02-13 15:43:28,Credit Card,SBI,,2649.18,Failed,Network Error
2026-01-14 16:27:07,Wallet,,GooglePay,1771.83,Success,
2026-01-20 18:06:38,UPI,SBI,,1170.97,Failed,Insufficient Balance
2026-02-15 18:34:29,Debit Card,,,624.69,Success,
2026-01-23 22:52:09,Credit Card,Axis,,852.83,Success,
2026-03-22 22:12:24,UPI,Axis,Paytm,1097.86,Success,
2026-03-05 21:57:08,Debit Card,ICICI,,4102.38,Success,
2026-02-02 03:27:00,Credit Card,HDFC,,1854.45,Success,
2026-03-15 03:37:28,Credit Card,HDFC,,2117.87,Success,
2026-01-05 07:14:55,UPI,ICICI,,1629.32,Success,
2026-01-09 03:02:30,UPI,Kotak,Paytm,1168.11,Success,
2026-01-01 01:14:01,Debit Card,ICICI,,2497.79,Success,
2026-02-07 18:46:13,Net Banking,ICICI,,7240.16,Success,
2026-01-02 17:52:58,Credit Card,SBI,,1983.73,Failed,Card Expired
2026-01-10 17:59:51,UPI,SBI,,1540.57,Success,
2026-02-19 18:55:19,Net Banking,ICICI,,2568.08,Success,
2026-03-16 07:01:21,Credit Card,Axis,,4889.11,Success,
2026-03-25 20:21:09,Net Banking,Kotak,,8618.9,Success,
2026-03-21 18:06:15,UPI,SBI,,411.23,Failed,Insufficient Balance
2026-01-21 06:04:37,UPI,,PhonePe,229.67,Success,
2026-01-17 14:09:09,Debit Card,HDFC,,3024.08,Success,
2026-03-10 00:11:48,Net Banking,SBI,,8199.83,Success,
2026-01-08 18:21:23,UPI,HDFC,,632.74,Success,
2026-03-16 19:24:44,Debit Card,Kotak,,1895.59,Success,
2026-01-01 08:33:33,Net Banking,SBI,,125.14,Success,
2026-03-16 23:41:41,Credit Card,ICICI,,2653.03,Success,
2026-02-01 05:21:35,Net Banking,SBI,,6388.35,Success,
2026-02-13 17:05:10,Net Banking,HDFC,,4637.5,Success,
2026-01-16 07:00:50,Credit Card,HDFC,,3640.13,Success,
2026-01-18 11:51:20,Credit Card,ICICI,,654.72,Success,
2026-02-04 18:06:45,UPI,ICICI,,1472.71,Success,
2026-03-19 18:00:01,Debit Card,SBI,,3083.47,Success,
2026-02-03 19:48:22,Debit Card,ICICI,,3394.48,Success,
2026-01-22 06:42:39,UPI,HDFC,,1852.08,Success,
2025-12-29 10:43:19,Net Banking,ICICI,,2943.98,Success,
2026-02-03 15:32:35,Debit Card,SBI,,4489.24,Success,
2026-02-19 19:15:21,Wallet,,Paytm,1317.18,Failed,Network Error
2026-01-18 22:15:08,Credit Card,SBI,,2388.01,Success,
2026-01-20 16:29:22,Wallet,,PhonePe,1067.08,Success,
2026-03-06 15:55:42,Net Banking,Axis,,4767.42,Success,
2026-03-06 06:56:26,UPI,SBI,,1936.77,Success,
2026-03-04 02:02:34,Net Banking,ICICI,,7419.69,Success,
2026-02-28 03:59:28,Wallet,,Paytm,979.0,Success,
2026-03-12 09:49:05,Credit Card,ICICI,,2902.45,Success,
2026-03-25 09:52:20,Debit Card,ICICI,,4218.19,Success,
2026-02-05 16:31:55,Net Banking,HDFC,,9650.5,Success,
2026-01-25 11:44:20,UPI,ICICI,,1361.79,Success,
2026-03-15 19:41:40,Credit Card,ICICI,,3322.54,Success,
2026-02-15 10:46:44,Debit Card,SBI,,4653.75,Success,
2026-02-25 11:46:31,Debit Card,SBI,,2821.56,Success,
2026-01-25 23:49:17,UPI,ICICI,AmazonPay,1336.39,Success,
2025-12-28 06:03:45,Wallet,,Paytm,1850.04,Success,
2026-03-03 11:49:55,Debit Card,HDFC,,1398.16,Success,
2026-03-15 07:32:27,Net Banking,ICICI,,4316.38,Success,
2026-03-04 04:12:01,Net Banking,SBI,,776.27,Success,
2026-03-09 08:16:50,Credit Card,SBI,,481.05,Success,
2026-03-02 15:54:40,Net Banking,Axis,,5962.69,Success,
2026-01-07 11:24:53,Wallet,,Paytm,1695.12,Success,
2026-01-09 11:24:35,Debit Card,ICICI,,1164.81,Success,
2026-02-11 08:53:58,Debit Card,HDFC,,76.3,Success,
2026-02-07 23:44:30,Wallet,,GooglePay,1565.99,Success,
2026-01-17 08:52:43,Credit Card,Axis,,2057.69,Success,
2026-02-12 16:50:48,Credit Card,SBI,,1585.05,Success,
2026-03-22 13:32:04,UPI,HDFC,,1895.16,Success,
2026-01-10 23:33:25,Credit Card,,,618.0,Success,
2026-01-03 05:42:18,Debit Card,SBI,,1429.38,Success,
2026-02-16 14:37:10,Credit Card,SBI,,4683.16,Success,
2026-02-03 05:58:49,Net Banking,HDFC,,1825.83,Success,
2026-03-01 08:37:44,Net Banking,HDFC,,5176.43,Failed,Insufficient Balance
2026-01-11 21:40:23,Debit Card,HDFC,,3552.77,Success,
2026-02-02 18:40:28,Credit Card,ICICI,,4091.24,Success,
2026-01-27 20:29:21,Net Banking,Kotak,,3503.71,Failed,OTP Failed
2026-01-08 03:10:31,Debit Card,SBI,,3947.17,Success,
2026-01-10 22:01:23,Credit Card,HDFC,,3426.27,Success,
2026-02-02 15:54:39,Credit Card,HDFC,,4996.08,Success,
2026-03-08 14:19:28,UPI,ICICI,,210.53,Success,
2026-02-06 05:45:18,Debit Card,ICICI,,4130.62,Success,
2026-03-16 11:51:28,Credit Card,ICICI,,1261.86,Success,
2026-02-28 13:24:45,Debit Card,SBI,,245.68,Success,
2026-03-10 20:36:23,UPI,HDFC,,865.5,Success,
2025-12-29 16:42:12,Credit Card,HDFC,,4277.64,Success,
2026-02-15 12:44:13,Net Banking,HDFC,,3649.56,Success,
2026-02-28 16:39:01,Credit Card,SBI,,2366.18,Success,
2026-01-20 04:10:29,Wallet,,GooglePay,1867.7,Success,
2026-02-04 16:24:26,Debit Card,ICICI,,1794.14,Success,
2026-01-18 17:45:21,Debit Card,HDFC,,4987.47,Success,
2026-01-09 09:54:47,Credit Card,HDFC,,2847.93,Success,
2026-02-11 19:03:07,Credit Card,HDFC,,3259.23,Failed,Insufficient Balance
2025-12-28 19:39:54,Credit Card,HDFC,,2375.36,Success,
2026-02-03 15:02:07,Credit Card,ICICI,,1581.46,Success,
2026-02-18 03:33:49,Debit Card,,,3121.79,Success,
2026-02-06 10:38:05,Net Banking,Axis,,2453.25,Success,
2026-02-17 16:11:28,Credit Card,,,4666.26,Success,
2026-01-30 20:11:53,UPI,,GooglePay,1300.17,Success,
2026-01-04 05:44:57,Net Banking,,,5282.35,Success,
2026-03-08 11:00:38,Debit Card,ICICI,,1519.6,Success,
2026-03-22 14:53:22,UPI,SBI,Paytm,808.97,Success,
2026-01-14 16:47:07,Credit Card,Axis,,3649.55,Success,
2026-01-07 21:38:31,UPI,HDFC,,1353.27,Success,
2026-03-06 01:15:04,UPI,Axis,,508.64,Success,
2026-01-29 00:01:16,UPI,SBI,Paytm,1310.67,Success,
2026-01-21 20:16:41,UPI,SBI,,1659.42,Success,
2026-02-06 05:56:23,Debit Card,SBI,,1712.41,Success,
2026-02-16 07:18:00,UPI,Axis,PhonePe,847.99,Failed,Insufficient Balance
2025-12-29 19:24:27,Credit Card,HDFC,,477.55,Success,
2026-02-15 17:45:36,Credit Card,ICICI,,1777.79,Success,
2026-02-21 20:49:11,Credit Card,SBI,,2207.55,Success,
2026-02-22 23:01:48,UPI,HDFC,,1674.93,Success,
2025-12-31 19:49:27,UPI,HDFC,GooglePay,275.92,Success,
2026-03-25 16:37:45,Debit Card,,,3285.52,Success,
2026-03-25 07:33:00,Wallet,,AmazonPay,937.53,Success,
2025-12-29 23:14:20,Debit Card,SBI,,1563.46,Success,
2026-01-30 23:51:06,Credit Card,ICICI,,4313.07,Success,
2026-01-20 04:40:07,Credit Card,SBI,,3343.73,Failed,Insufficient Balance
2026-02-17 11:05:14,UPI,Kotak,,450.1,Success,
2026-03-13 17:32:11,UPI,HDFC,,1466.88,Success,
2026-03-24 09:47:52,Credit Card,SBI,,149.1,Success,
2026-03-18 15:08:15,Wallet,,GooglePay,1863.58,Success,
2026-02-16 12:03:43,UPI,ICICI,,573.25,Success,
2026-01-19 04:10:25,Credit Card,ICICI,,4178.65,Success,
2026-03-22 16:39:51,Wallet,,PhonePe,1034.02,Success,
2026-01-22 22:15:54,Wallet,,Paytm,124.9,Success,
2026-02-21 06:53:09,Credit Card,,,104.89,Success,
2026-01-17 14:17:38,Debit Card,SBI,,1335.42,Failed,Insufficient Balance
2026-01-15 23:09:06,UPI,HDFC,,197.45,Success,
2026-02-21 09:46:39,Credit Card,ICICI,,2164.23,Success,
2026-02-09 12:33:29,UPI,ICICI,,1569.86,Success,
2026-02-06 22:51:55,Net Banking,ICICI,,7596.61,Success,
2026-03-08 09:32:02,Credit Card,SBI,,2585.85,Failed,Card Expired
2026-02-17 11:33:48,Debit Card,HDFC,,1616.16,Success,
2026-03-18 04:11:08,Wallet,,Paytm,613.38,Success,
2026-03-19 18:00:41,Debit Card,HDFC,,4820.53,Success,
2026-02-20 09:31:46,UPI,ICICI,,1092.91,Failed,Insufficient Balance
2025-12-31 04:43:31,Credit Card,SBI,,4618.74,Success,
2026-02-17 01:07:33,Credit Card,SBI,,571.0,Success,
2026-03-16 01:16:55,UPI,Axis,PhonePe,305.44,Success,
2026-03-13 06:31:47,Debit Card,Axis,,4070.66,Success,
2026-03-05 02:11:19,Credit Card,,,690.52,Success,
2026-01-16 01:32:41,Debit Card,HDFC,,2680.6,Success,
2026-03-08 13:40:05,Net Banking,Axis,,8545.87,Success,
2026-02-08 07:22:05,Debit Card,ICICI,,3548.99,Success,
2026-02-26 22:08:45,UPI,SBI,,1362.58,Success,
2026-03-10 21:50:55,Credit Card,HDFC,,1652.79,Success,
2026-02-17 00:30:59,UPI,Kotak,GooglePay,1441.62,Success,
2026-02-13 06:49:52,Debit Card,SBI,,198.67,Success,
2026-03-14 11:43:13,Net Banking,ICICI,,5192.43,Success,
2026-01-13 18:12:44,Wallet,,PhonePe,1756.68,Success,
2026-01-30 22:04:29,UPI,ICICI,,1206.48,Success,
2026-01-27 19:29:01,Debit Card,SBI,,194.15,Success,
2026-01-27 04:45:16,Debit Card,HDFC,,210.44,Success,
2026-02-18 10:23:33,Net Banking,ICICI,,1303.41,Success,
2026-02-25 08:24:14,Credit Card,ICICI,,2739.79,Success,
2026-01-22 07:23:43,Credit Card,Axis,,4638.89,Success,
2026-01-07 20:41:41,UPI,HDFC,,869.76,Success,
2026-03-07 06:05:33,Debit Card,Axis,,1350.92,Success,
2026-03-25 17:17:01,Debit Card,ICICI,,2518.99,Success,
2026-03-21 16:06:27,Debit Card,ICICI,,4567.62,Success,
2026-03-22 15:02:02,Debit Card,ICICI,,3911.65,Success,
2026-03-11 03:50:12,Debit Card,HDFC,,476.13,Success,
2025-12-26 23:57:56,UPI,ICICI,Paytm,830.94,Success,
2026-01-08 19:20:52,UPI,ICICI,Paytm,1693.38,Success,
2026-03-25 09:13:24,UPI,ICICI,AmazonPay,162.65,Success,
2026-01-15 13:36:58,Net Banking,HDFC,,195.62,Success,
2026-03-07 12:18:34,Debit Card,Axis,,166.5,Success,
2026-02-03 08:25:21,Credit Card,ICICI,,2401.62,Success,
2026-03-22 15:51:31,Credit Card,SBI,,4508.16,Success,
2026-03-09 18:03:26,Debit Card,HDFC,,1671.8,Success,
2026-01-01 13:38:52,Net Banking,SBI,,1471.5,Success,
2026-02-04 13:54:43,Wallet,,Paytm,1320.4,Failed,Insufficient Balance
2026-01-14 09:27:10,Credit Card,HDFC,,709.54,Success,
2026-03-24 07:38:27,Net Banking,HDFC,,3355.0,Success,
2026-01-16 05:50:48,UPI,SBI,,246.31,Success,
2026-02-23 06:26:34,Credit Card,HDFC,,4529.94,Success,
2026-01-29 04:34:30,Credit Card,Kotak,,4725.07,Success,
2026-03-06 17:12:07,UPI,HDFC,AmazonPay,959.48,Success,
2026-03-10 16:19:55,Credit Card,SBI,,2111.59,Success,
2026-03-26 05:09:09,Net Banking,SBI,,7412.38,Success,
2026-01-01 00:09:58,Debit Card,SBI,,2809.62,Failed,Insufficient Balance
2026-01-11 15:29:25,Debit Card,HDFC,,4725.69,Success,
2026-03-24 03:48:46,Wallet,,GooglePay,1193.74,Success,
2026-01-13 00:11:48,UPI,Axis,,1791.6,Success,
2026-02-21 05:06:46,Debit Card,ICICI,,3714.33,Success,
2025-12-31 16:37:47,Credit Card,Axis,,4062.32,Success,
2026-02-12 21:24:19,Wallet,,AmazonPay,1415.74,Success,
2026-01-25 18:12:33,Credit Card,SBI,,4290.2,Success,
2026-01-23 00:50:09,Net Banking,SBI,,2857.58,Success,
2026-01-28 02:07:12,UPI,,,425.29,Success,
2026-02-26 03:49:36,Net Banking,HDFC,,7350.84,Failed,Network Error
2026-03-13 13:39:14,Credit Card,,,3852.45,Success,
2026-02-11 09:10:39,Debit Card,HDFC,,3091.75,Success,
2026-03-25 19:58:08,Debit Card,HDFC,,2171.09,Success,
2026-03-13 23:18:47,Credit Card,HDFC,,3518.04,Success,
2026-02-23 10:36:19,Wallet,,Paytm,1084.65,Success,
2025-12-31 10:35:10,Debit Card,HDFC,,3836.9,Success,
2026-03-15 09:12:15,Debit Card,SBI,,2279.02,Success,
2026-01-15 04:32:30,Debit Card,HDFC,,1372.37,Success,
2026-03-03 04:57:02,Debit Card,ICICI,,4425.2,Success,
2026-01-28 03:14:16,Net Banking,SBI,,6754.28,Success,
2026-01-29 05:21:58,Net Banking,ICICI,,7800.11,Failed,Insufficient Balance
2026-01-04 19:49:44,Debit Card,SBI,,4347.43,Success,
2026-02-10 17:26:23,Debit Card,,,3210.58,Success,
2026-01-07 17:15:05,Credit Card,Axis,,4770.37,Success,
2026-02-11 08:36:01,Debit Card,HDFC,,4428.27,Success,
2026-02-28 11:07:55,UPI,ICICI,,616.1,Success,
2026-02-24 09:45:39,UPI,SBI,,1426.29,Success,
2026-03-11 01:38:37,Debit Card,Axis,,3953.21,Success,
2026-02-04 13:33:42,Credit Card,SBI,,4552.26,Success,
2026-01-26 11:56:34,Net Banking,ICICI,,6841.79,Success,
2026-03-16 05:30:45,UPI,HDFC,,531.89,Success,
2026-01-11 06:58:27,Credit Card,ICICI,,2675.68,Success,
2026-03-19 20:47:43,UPI,HDFC,,279.25,Success,
2026-03-17 16:27:21,Debit Card,HDFC,,2937.71,Success,
2026-03-18 11:30:37,UPI,ICICI,GooglePay,1859.91,Success,
2026-02-13 07:37:51,Wallet,,PhonePe,917.95,Success,
2026-02-17 13:34:47,Credit Card,,,774.47,Success,
2026-01-01 23:44:00,UPI,HDFC,PhonePe,457.7,Success,
2026-01-22 16:40:30,Credit Card,SBI,,620.44,Success,
2026-01-03 04:47:23,Net Banking,Axis,,5526.09,Failed,Insufficient Balance
2026-02-12 15:14:08,UPI,HDFC,,1995.87,Success,
2026-01-10 23:58:30,Credit Card,ICICI,,3357.47,Success,
2026-02-10 17:02:57,Wallet,,Paytm,387.85,Success,
2026-02-11 18:15:53,Debit Card,SBI,,4853.46,Success,
2026-01-09 13:42:07,UPI,ICICI,Paytm,1461.86,Success,
2026-03-15 10:24:50,Wallet,,Paytm,1164.77,Success,
2026-03-11 16:39:49,Net Banking,Axis,,5867.84,Success,
2026-03-15 16:25:28,Wallet,,Paytm,45.93,Success,
2025-12-28 03:32:18,Net Banking,Axis,,4163.99,Success,
2025-12-31 10:56:02,UPI,SBI,,1916.02,Success,
2026-02-15 04:28:26,Credit Card,ICICI,,2552.5,Success,
2026-03-11 20:39:16,Credit Card,,,4636.48,Success,
2026-02-26 02:57:48,Credit Card,ICICI,,4425.81,Success,
2026-03-03 22:50:46,Debit Card,SBI,,574.29,Success,
2026-01-20 04:09:32,Debit Card,Axis,,640.1,Success,
2026-01-25 08:40:43,Debit Card,HDFC,,4495.16,Success,
2026-01-19 21:24:39,Debit Card,ICICI,,553.33,Success,
2026-01-02 07:13:58,Credit Card,ICICI,,3283.65,Success,
2026-02-22 15:19:56,Credit Card,SBI,,3167.18,Success,
2026-02-17 02:54:03,UPI,Axis,,906.15,Success,
2026-01-07 22:26:43,UPI,HDFC,Paytm,887.87,Success,
2026-03-15 16:43:51,UPI,HDFC,,1773.65,Success,
2026-03-09 22:44:50,Debit Card,HDFC,,4713.99,Success,
2026-02-28 01:52:51,Credit Card,SBI,,2723.33,Success,
2026-01-01 23:42:09,Debit Card,SBI,,158.4,Failed,
2026-02-19 05:34:36,Credit Card,HDFC,,134.48,Success,
2026-01-21 20:08:28,Debit Card,ICICI,,2387.88,Success,
2025-12-31 08:36:38,Credit Card,HDFC,,552.28,Success,
2026-03-25 17:33:43,Net Banking,Axis,,5945.2,Success,
2026-01-05 16:51:36,Net Banking,,,169.8,Failed,Insufficient Balance
2026-01-15 20:28:01,UPI,ICICI,,1733.92,Success,
2025-12-28 02:05:01,Net Banking,Axis,,576.05,Success,
2026-02-20 06:34:07,UPI,ICICI,Paytm,1424.01,Failed,OTP Failed
2026-01-25 11:13:40,Wallet,,GooglePay,466.65,Success,
2026-03-08 07:56:40,Debit Card,SBI,,4722.73,Success,
2026-02-06 04:10:23,Credit Card,ICICI,,2170.99,Success,
2026-01-29 08:29:19,Debit Card,HDFC,,2004.74,Success,
2026-03-21 04:16:41,UPI,ICICI,,645.64,Success,
2026-02-16 02:03:08,UPI,ICICI,,384.63,Success,
2026-01-30 06:59:31,Credit Card,SBI,,723.19,Success,
2026-02-11 10:39:32,Net Banking,HDFC,,4829.56,Success,
2026-02-14 13:18:41,Debit Card,SBI,,4022.73,Success,
2026-02-28 02:35:26,UPI,Axis,,227.29,Success,
2026-01-08 00:59:49,Credit Card,HDFC,,768.62,Success,
2026-02-12 14:47:57,Debit Card,ICICI,,3897.9,Success,
2026-03-06 18:38:30,Credit Card,Axis,,3820.5,Success,
2026-01-16 22:31:13,Credit Card,SBI,,2090.58,Success,
2026-03-10 20:03:42,Net Banking,ICICI,,4574.72,Success,
2026-03-04 00:18:05,UPI,HDFC,,752.83,Success,
2026-03-04 03:37:06,Net Banking,SBI,,6250.22,Success,
2026-01-10 12:50:56,Credit Card,ICICI,,3359.06,Success,
2026-03-04 23:34:22,UPI,HDFC,,1310.49,Failed,Insufficient Balance
2026-02-13 15:13:58,Credit Card,Axis,,3374.5,Failed,OTP Failed
2026-01-13 23:44:04,Credit Card,HDFC,,2020.72,Success,
2026-02-02 08:04:02,UPI,HDFC,,764.0,Failed,Insufficient Balance
2025-12-27 20:54:54,Credit Card,Kotak,,804.98,Success,
2026-02-02 21:10:41,Credit Card,ICICI,,1955.15,Success,
2026-02-08 16:24:12,Net Banking,HDFC,,6829.12,Success,
2026-01-01 08:05:50,Credit Card,HDFC,,752.37,Success,
2026-01-28 07:50:02,Debit Card,ICICI,,3668.12,Success,
2026-02-20 05:17:15,Wallet,,Paytm,473.62,Success,
2026-02-25 21:18:37,Credit Card,Kotak,,1966.51,Success,
2026-01-15 16:51:50,Debit Card,SBI,,681.99,Success,
2026-03-09 18:14:12,Debit Card,SBI,,1011.61,Failed,Network Error
2026-01-12 20:21:41,Debit Card,SBI,,2288.6,Success,
2026-02-20 23:05:44,Credit Card,ICICI,,1622.74,Success,
2026-01-10 06:22:28,Net Banking,SBI,,9370.5,Success,
2026-02-25 10:19:18,UPI,Axis,,484.82,Success,
2026-01-01 09:22:42,Credit Card,ICICI,,868.54,Success,
2026-01-05 22:26:38,Debit Card,ICICI,,1703.13,Success,
2026-01-06 10:47:03,Net Banking,Axis,,438.02,Success,
2026-03-10 01:17:14,Debit Card,Axis,,861.79,Success,
2026-03-09 19:13:17,Credit Card,SBI,,3035.03,Success,
2026-01-06 02:57:14,Debit Card,HDFC,,2079.66,Success,
2026-02-15 19:02:06,Debit Card,Axis,,3071.74,Success,
2026-03-21 16:50:25,Net Banking,Kotak,,6264.1,Success,
2026-01-27 05:07:31,Credit Card,HDFC,,1041.31,Success,
2026-01-22 14:22:34,UPI,HDFC,Paytm,534.59,Success,
2026-02-14 03:20:56,UPI,Kotak,,195.62,Success,
2026-02-21 14:29:22,UPI,HDFC,,25.94,Success,
2026-01-14 02:35:41,UPI,ICICI,PhonePe,1175.04,Failed,Network Error
2026-02-16 00:14:26,Debit Card,HDFC,,2373.92,Success,
2026-02-19 13:09:26,UPI,HDFC,,311.98,Success,
2026-03-08 16:26:22,Credit Card,,,381.92,Success,
2026-03-08 17:05:53,UPI,SBI,,1473.19,Failed,Insufficient Balance
2026-02-26 18:07:17,Net Banking,Kotak,,6654.19,Success,
2026-01-28 17:57:59,Credit Card,SBI,,2719.41,Success,
2026-02-10 17:08:54,UPI,SBI,,1277.88,Success,
2026-03-08 21:50:41,Debit Card,ICICI,,926.43,Success,
2026-01-05 02:52:19,Credit Card,ICICI,,1738.07,Success,
2026-03-08 11:53:45,Debit Card,SBI,,3335.39,Success,
2026-03-09 06:57:26,UPI,ICICI,PhonePe,1584.78,Success,
2026-03-06 21:42:08,UPI,Axis,Paytm,855.4,Success,
2025-12-27 18:57:51,Net Banking,SBI,,8215.55,Success,
2026-03-12 22:15:56,Credit Card,,,3405.61,Success,
2026-03-08 09:50:07,Debit Card,Axis,,3756.25,Success,
2026-03-19 07:49:42,Debit Card,Axis,,713.29,Success,
2026-03-18 18:45:45,Net Banking,Axis,,588.63,Success,
2026-01-04 04:16:16,Wallet,,GooglePay,137.09,Success,
2026-02-03 15:45:30,Net Banking,ICICI,,622.18,Success,
2026-01-08 18:15:04,Net Banking,HDFC,,6181.93,Success,
2026-03-23 19:07:32,Debit Card,Axis,,2051.07,Success,
2025-12-28 01:07:01,Credit Card,SBI,,2008.22,Success,
2025-12-31 19:24:15,UPI,SBI,PhonePe,1115.9,Success,
2026-01-08 23:24:36,Credit Card,HDFC,,1482.91,Success,
2026-03-18 09:56:00,Credit Card,HDFC,,1350.31,Success,
2026-02-28 00:18:04,Debit Card,SBI,,4872.69,Failed,OTP Failed
2026-02-08 00:09:11,Credit Card,HDFC,,3855.54,Success,
2026-02-24 10:13:08,Credit Card,Axis,,1785.41,Success,
2026-03-03 09:54:53,Net Banking,HDFC,,8528.98,Failed,Network Error
2026-03-18 10:31:36,Debit Card,Axis,,2276.24,Success,
2026-01-29 19:01:26,Credit Card,ICICI,,74.42,Success,
2026-03-12 09:39:39,Credit Card,HDFC,,3165.19,Success,
2026-01-02 02:30:33,Wallet,,PhonePe,1722.28,Success,
2026-01-04 15:03:47,Net Banking,SBI,,8780.72,Success,
2026-01-11 03:29:44,Debit Card,SBI,,4906.35,Success,
2026-01-31 18:31:08,Debit Card,SBI,,1080.22,Success,
2026-03-25 22:42:47,Credit Card,ICICI,,2033.11,Success,
2026-01-04 00:10:12,Credit Card,HDFC,,2268.94,Success,
2026-01-16 09:50:01,Credit Card,SBI,,2851.33,Success,
2026-02-27 08:26:05,Credit Card,ICICI,,3864.63,Success,
2026-01-14 06:17:35,Credit Card,SBI,,3463.57,Success,
2026-02-07 03:06:54,Credit Card,,,4091.96,Failed,Insufficient Balance
2026-01-25 21:57:42,Credit Card,ICICI,,3438.23,Success,
2026-01-11 06:08:08,Debit Card,Axis,,3712.77,Success,
2026-03-25 20:38:19,Debit Card,Kotak,,4027.15,Success,
2026-01-28 13:37:58,Debit Card,ICICI,,3053.49,Success,
2026-01-05 13:28:33,Debit Card,SBI,,4013.46,Success,
2026-01-09 11:06:45,Credit Card,ICICI,,3802.02,Success,
2026-01-14 12:59:27,Net Banking,SBI,,287.61,Success,
2026-02-16 22:29:05,UPI,HDFC,,843.32,Success,
2026-01-02 15:31:17,Debit Card,HDFC,,2737.37,Success,
2026-01-24 09:05:57,UPI,SBI,,913.05,Success,
2026-01-20 18:44:46,Net Banking,ICICI,,6386.68,Failed,Network Error
2026-01-26 03:05:04,UPI,HDFC,,72.75,Success,
2026-03-05 10:12:36,UPI,HDFC,,126.64,Success,
2026-02-19 12:10:54,Credit Card,Axis,,2677.31,Success,
2026-03-23 04:54:02,Wallet,,GooglePay,67.81,Success,
2026-01-20 13:03:09,Debit Card,HDFC,,803.18,Success,
2026-03-22 09:15:10,Debit Card,,,3358.61,Success,
2026-01-07 00:51:59,UPI,ICICI,Paytm,1776.08,Failed,
2026-01-25 06:24:07,UPI,HDFC,PhonePe,581.99,Success,
2026-02-19 12:23:43,Net Banking,HDFC,,3867.32,Success,
2026-01-05 14:55:12,UPI,HDFC,,557.61,Success,
2025-12-28 23:34:56,Wallet,,,1858.21,Success,
2026-01-28 10:24:04,Net Banking,,,9620.72,Success,
2026-01-23 14:55:44,UPI,Kotak,,1727.88,Success,
2026-02-21 19:24:35,Debit Card,HDFC,,4096.92,Success,
2026-02-09 17:29:47,Debit Card,SBI,,3962.78,Success,
2026-01-28 05:25:27,UPI,HDFC,PhonePe,1738.25,Success,
2026-02-23 09:42:27,Credit Card,HDFC,,2951.02,Success,
2026-02-15 07:10:20,Debit Card,SBI,,3672.84,Failed,Network Error
2026-01-26 13:15:30,Wallet,,Paytm,1946.63,Success,
2026-02-26 12:31:22,Net Banking,SBI,,7797.71,Success,
2026-03-19 16:48:10,Debit Card,SBI,,449.21,Failed,OTP Failed
2026-02-13 09:35:32,Debit Card,ICICI,,599.77,Success,
2026-01-08 08:33:44,UPI,ICICI,,531.19,Success,
2026-01-21 17:04:49,Net Banking,SBI,,4079.9,Success,
2026-02-22 03:05:38,Wallet,,GooglePay,1477.63,Success,
2026-01-24 00:38:11,Debit Card,HDFC,,2815.85,Success,
2026-03-18 02:23:00,Wallet,,Paytm,982.49,Success,
2026-02-05 10:40:19,Credit Card,Kotak,,3536.91,Success,
2025-12-29 07:02:01,Debit Card,,,3366.34,Success,
2026-01-25 13:52:58,Credit Card,SBI,,2420.83,Success,
2026-01-29 14:19:14,Credit Card,SBI,,2452.49,Success,
2026-02-15 11:58:16,Wallet,,Paytm,576.48,Success,
2025-12-30 20:33:27,Debit Card,SBI,,4599.51,Success,
2026-01-28 07:13:09,Debit Card,SBI,,3630.04,Success,
2026-02-01 08:16:24,Credit Card,ICICI,,67.78,Success,
2026-01-08 02:08:05,Credit Card,SBI,,2767.7,Success,
2026-02-23 04:59:44,UPI,HDFC,,291.31,Success,
2026-03-24 12:57:21,Debit Card,SBI,,2359.22,Success,
2026-02-12 05:23:01,UPI,Axis,,34.55,Success,
2026-03-01 20:34:50,Wallet,,Paytm,478.95,Success,
2026-03-26 05:29:45,UPI,Axis,,1509.09,Success,
2026-03-17 04:54:37,Debit Card,ICICI,,1019.73,Failed,Insufficient Balance
2026-01-09 11:51:34,UPI,HDFC,,1011.38,Failed,Network Error
2026-01-07 07:06:59,Wallet,,Paytm,1275.89,Failed,Insufficient Balance
2026-01-20 18:01:29,Wallet,,GooglePay,73.41,Failed,OTP Failed
2026-01-29 17:19:40,Net Banking,ICICI,,9085.47,Success,
2026-01-27 03:41:02,Credit Card,HDFC,,4715.74,Success,
2026-02-25 19:11:05,Wallet,,Paytm,95.12,Success,
2026-02-05 16:46:34,Credit Card,Axis,,3770.52,Failed,OTP Failed
2026-02-12 22:54:33,UPI,HDFC,,1286.06,Success,
2026-03-07 10:11:40,Credit Card,Axis,,4078.75,Success,
2026-03-26 01:30:39,UPI,SBI,,1417.78,Success,
2026-03-23 12:16:13,Wallet,,PhonePe,1405.59,Success,
2026-02-28 04:31:05,Net Banking,Axis,,9583.52,Success,
2026-02-02 03:24:12,Debit Card,HDFC,,1322.34,Success,
2025-12-26 20:15:50,Credit Card,ICICI,,4513.3,Success,
2026-02-06 19:32:43,Debit Card,ICICI,,4731.52,Success,
2026-02-13 13:00:25,Credit Card,SBI,,304.39,Success,
2026-01-14 00:28:17,UPI,SBI,,1196.48,Failed,Insufficient Balance
2025-12-27 20:42:22,Debit Card,SBI,,4761.4,Success,
2026-01-01 08:47:58,Credit Card,SBI,,2711.39,Success,
2026-01-15 17:35:50,Wallet,,PhonePe,583.44,Success,
2026-02-05 18:07:27,UPI,HDFC,,606.24,Failed,Insufficient Balance
2026-03-12 12:49:51,UPI,HDFC,,685.34,Success,
2026-02-02 12:00:03,Debit Card,HDFC,,2304.39,Success,
2026-03-02 14:45:29,Debit Card,SBI,,1485.95,Success,
2026-03-04 20:54:11,UPI,HDFC,,769.1,Success,
2026-03-07 03:05:50,Wallet,,Paytm,1193.4,Success,
2026-03-14 19:41:05,Wallet,,Paytm,650.72,Success,
2026-01-04 11:31:58,UPI,HDFC,,782.38,Success,
2026-03-12 08:07:16,Net Banking,HDFC,,8735.89,Success,
2026-02-04 12:38:11,Debit Card,SBI,,2356.17,Success,
2026-03-20 07:31:59,Wallet,,GooglePay,410.03,Success,
2026-01-02 23:15:33,Wallet,,PhonePe,155.91,Success,
2026-03-08 17:49:55,UPI,ICICI,PhonePe,853.38,Failed,Network Error
2026-02-21 12:37:15,Credit Card,SBI,,4785.98,Success,
2026-02-04 23:56:52,Debit Card,SBI,,4040.96,Success,
2026-03-08 01:22:28,Debit Card,Axis,,4012.9,Success,
2026-02-24 12:52:11,Credit Card,HDFC,,4394.35,Success,
2026-02-20 03:35:24,Debit Card,HDFC,,3773.17,Failed,Insufficient Balance
2026-01-09 13:00:10,Debit Card,ICICI,,4266.52,Failed,Insufficient Balance
2026-02-19 11:00:20,Credit Card,ICICI,,2237.78,Success,
2026-01-21 09:10:41,Net Banking,Axis,,7133.55,Success,
2026-01-19 22:33:17,Debit Card,Axis,,4408.86,Success,
2026-03-21 22:25:33,Net Banking,SBI,,7323.9,Success,
2025-12-27 20:44:23,Debit Card,,,4017.98,Success,
2026-01-21 11:04:32,Debit Card,ICICI,,3193.05,Success,
2026-01-02 16:11:28,Net Banking,ICICI,,1262.54,Success,
2026-01-31 18:54:13,UPI,SBI,,1294.47,Success,
2026-02-13 02:26:44,UPI,HDFC,,1289.67,Success,
2026-03-21 05:02:51,Credit Card,ICICI,,278.13,Success,
2026-02-24 19:43:33,UPI,HDFC,PhonePe,355.29,Success,
2026-03-16 17:42:34,Net Banking,SBI,,5276.73,Success,
2026-03-20 03:44:14,Net Banking,,,7276.29,Success,
2026-01-06 12:53:18,Credit Card,SBI,,3133.94,Success,
2026-02-22 19:12:20,Wallet,,PhonePe,1631.95,Success,
2026-02-05 10:01:15,Wallet,,Paytm,122.58,Success,
2026-01-09 11:45:42,Credit Card,ICICI,,991.37,Success,
2026-01-01 16:17:10,Net Banking,HDFC,,6679.03,Success,
2026-01-13 02:40:38,Debit Card,Axis,,3266.96,Success,
2026-03-13 00:34:22,Credit Card,SBI,,150.01,Success,
2026-01-19 09:57:34,Wallet,,PhonePe,1050.36,Failed,Card Expired
2026-01-20 08:07:46,Debit Card,SBI,,1615.43,Success,
2026-02-09 13:26:12,Debit Card,HDFC,,4812.4,Failed,Insufficient Balance
2026-03-14 23:29:15,Debit Card,SBI,,3097.44,Success,
2026-02-10 10:31:43,Debit Card,Axis,,4958.25,Success,
2026-03-06 07:56:03,Debit Card,ICICI,,663.65,Success,
2026-03-21 08:46:27,UPI,Axis,PhonePe,1572.34,Success,
2026-03-25 12:37:29,UPI,SBI,,248.96,Success,
2026-02-20 07:38:00,UPI,ICICI,PhonePe,1315.31,Success,
2026-02-12 17:52:03,Net Banking,SBI,,7659.87,Success,
2026-01-29 08:05:46,Net Banking,HDFC,,5182.26,Success,
2026-02-10 10:28:47,Debit Card,SBI,,4888.06,Success,
2026-03-24 19:55:59,Credit Card,HDFC,,4050.85,Success,
2026-01-09 00:16:17,Credit Card,,,462.64,Success,
2026-01-19 16:47:42,Credit Card,Axis,,853.95,Success,
2026-01-08 02:01:18,Debit Card,SBI,,2156.02,Success,
2026-01-15 12:41:35,Debit Card,HDFC,,1002.72,Success,
2026-01-31 20:36:19,Credit Card,,,4354.06,Success,
2026-03-04 09:02:44,Credit Card,HDFC,,2200.57,Failed,Network Error
2026-03-05 00:28:13,Debit Card,SBI,,2626.82,Success,
2026-01-03 06:59:01,Net Banking,HDFC,,6657.82,Success,
2026-03-15 21:41:40,Credit Card,Axis,,2168.1,Failed,Insufficient Balance
2026-03-07 23:50:35,Debit Card,HDFC,,141.03,Success,
2026-01-08 18:55:33,Credit Card,SBI,,3852.43,Failed,Insufficient Balance
2026-03-13 14:20:06,Net Banking,ICICI,,3414.72,Success,
2026-01-17 11:47:43,Net Banking,HDFC,,8316.14,Success,
2026-01-17 17:18:55,Credit Card,Axis,,4918.46,Success,
2026-03-08 06:40:43,UPI,HDFC,GooglePay,800.48,Success,
2026-01-29 12:54:44,Credit Card,ICICI,,465.74,Failed,Network Error
2026-03-20 00:49:24,UPI,Axis,PhonePe,397.34,Success,
2026-03-10 06:12:27,UPI,HDFC,,1445.7,Success,
2026-01-12 19:00:18,UPI,ICICI,,969.14,Success,
2026-01-02 09:36:38,UPI,HDFC,,342.79,Success,
2026-01-21 14:25:26,Credit Card,Axis,,1851.65,Success,
2026-01-07 13:53:35,Credit Card,,,2659.58,Success,
2026-02-17 21:34:09,UPI,HDFC,,794.0,Success,
2026-02-05 20:18:55,UPI,ICICI,,1020.67,Success,
2026-02-15 16:57:37,UPI,SBI,Paytm,1011.03,Success,
2026-01-16 23:39:16,UPI,HDFC,Paytm,1670.87,Success,
2026-02-19 00:35:38,Debit Card,ICICI,,2480.78,Success,
2026-01-24 11:44:01,Net Banking,SBI,,5978.62,Success,
2026-03-23 15:44:14,Debit Card,SBI,,4079.51,Success,
2026-02-22 15:06:11,Debit Card,Kotak,,2918.93,Success,
2026-03-24 22:24:21,Credit Card,HDFC,,2989.07,Success,
2026-03-06 16:40:37,Credit Card,SBI,,624.97,Success,
2026-01-05 18:55:14,UPI,Kotak,Paytm,791.36,Failed,Insufficient Balance
2026-01-16 16:38:21,Wallet,,Paytm,913.37,Success,
2026-02-10 05:05:25,Credit Card,SBI,,1732.44,Success,
2026-02-21 10:07:29,Debit Card,ICICI,,4463.35,Success,
2026-01-27 03:45:08,Net Banking,ICICI,,5500.86,Success,
2026-03-15 02:03:19,Wallet,,Paytm,1761.5,Success,
2026-01-27 01:24:37,UPI,Axis,PhonePe,1153.93,Success,
2026-01-24 04:15:10,UPI,,,794.05,Success,
2026-01-28 14:29:45,UPI,Axis,,484.95,Success,
2026-02-11 05:50:28,Wallet,,Paytm,536.65,Success,
2026-02-17 07:47:12,Credit Card,SBI,,2436.68,Success,
2026-02-25 13:45:34,Net Banking,SBI,,5403.78,Success,
2026-02-08 15:34:21,Debit Card,ICICI,,873.3,Success,
2026-03-07 04:49:01,Wallet,,,1753.77,Success,
2026-01-19 11:25:36,Credit Card,Axis,,3473.9,Success,
2025-12-27 22:37:41,Net Banking,ICICI,,2600.22,Success,
2026-03-15 04:28:11,Net Banking,HDFC,,3948.08,Success,
2026-01-25 12:57:11,Credit Card,SBI,,2952.11,Success,
2026-02-11 15:58:57,Debit Card,HDFC,,3331.21,Success,
2026-01-23 17:54:35,Debit Card,SBI,,2061.18,Success,
2026-02-15 23:24:34,Credit Card,Axis,,1890.74,Success,
2026-02-11 22:07:56,Net Banking,HDFC,,4256.35,Success,
2026-02-06 17:12:42,Credit Card,HDFC,,1785.03,Success,
2026-01-10 06:01:37,Credit Card,ICICI,,1387.8,Success,
2026-03-04 15:22:49,Wallet,,PhonePe,479.14,Success,
2026-03-09 10:18:07,Credit Card,SBI,,3800.28,Failed,Insufficient Balance
2026-01-18 10:42:42,Debit Card,Axis,,1147.2,Success,
2026-01-16 14:12:29,Credit Card,Axis,,3127.83,Success,
2026-03-18 17:10:08,Credit Card,Axis,,2641.74,Failed,Insufficient Balance
2026-02-27 07:59:59,Credit Card,Axis,,3097.68,Success,
2026-02-13 07:33:13,Credit Card,ICICI,,1847.12,Success,
2026-02-19 07:40:17,Net Banking,Kotak,,9355.9,Success,
2026-01-09 20:38:28,UPI,SBI,,467.27,Success,
2026-01-21 20:26:17,Net Banking,Axis,,6118.01,Success,
2026-01-03 12:35:41,Debit Card,,,2820.46,Success,
2026-03-08 12:54:01,Net Banking,SBI,,5664.98,Success,
2026-02-17 12:53:39,UPI,ICICI,GooglePay,1238.72,Success,
2026-02-16 08:32:49,Debit Card,SBI,,4358.06,Success,
2026-01-26 05:11:22,Debit Card,HDFC,,2357.03,Success,
2026-02-13 02:02:22,Debit Card,HDFC,,3462.94,Success,
2026-01-24 05:37:58,Debit Card,Axis,,2892.33,Success,
2026-01-22 08:07:47,Credit Card,SBI,,3080.15,Success,
2026-02-06 10:50:44,Credit Card,,,4450.3,Success,
2026-03-21 02:33:16,UPI,Kotak,PhonePe,1293.42,Success,
2026-03-14 08:13:53,Debit Card,ICICI,,4641.96,Failed,Insufficient Balance
2026-01-27 16:30:25,Debit Card,HDFC,,2140.91,Success,
2026-01-31 15:59:33,Credit Card,ICICI,,3618.31,Success,
2025-12-26 19:07:00,Debit Card,SBI,,3951.37,Failed,Insufficient Balance
2026-02-13 19:09:14,Net Banking,Axis,,5358.83,Success,
2026-03-11 22:16:05,UPI,HDFC,,1511.82,Success,
2026-01-03 15:36:14,Net Banking,SBI,,4297.21,Success,
2026-03-26 06:42:47,Credit Card,Kotak,,4319.5,Success,
2026-01-27 09:54:54,Debit Card,SBI,,2312.79,Success,
2026-02-07 20:04:53,Wallet,,PhonePe,671.51,Success,
2026-03-08 02:40:21,Debit Card,HDFC,,3357.27,Success,
2026-03-06 17:42:00,UPI,HDFC,PhonePe,1707.19,Success,
2026-01-28 21:09:32,UPI,SBI,,1741.34,Success,
2026-03-24 05:01:14,Net Banking,ICICI,,9762.78,Success,
2026-03-04 09:57:39,Credit Card,SBI,,4929.55,Success,
2026-01-06 13:05:38,Credit Card,Axis,,964.9,Success,
2026-02-14 22:07:04,Wallet,,Paytm,145.78,Success,
2026-03-24 11:07:02,Net Banking,ICICI,,345.93,Success,
2026-01-08 06:30:40,Debit Card,Axis,,455.23,Success,
2026-01-26 12:21:35,UPI,ICICI,,818.36,Success,
2026-01-12 22:54:40,Wallet,,PhonePe,354.86,Success,
2026-02-15 21:12:47,Credit Card,SBI,,811.58,Success,
2026-03-09 03:38:11,Credit Card,SBI,,2319.63,Success,
2026-01-21 10:04:24,Credit Card,HDFC,,1875.71,Success,
2025-12-28 00:51:15,Net Banking,ICICI,,6466.23,Success,
2026-01-29 21:15:18,Wallet,,Paytm,142.4,Success,
2026-02-13 00:20:51,Debit Card,,,551.25,Success,
2026-03-09 11:34:42,UPI,ICICI,,483.92,Success,
2026-02-12 15:59:55,Debit Card,HDFC,,1845.23,Success,
2026-01-09 19:32:04,Net Banking,ICICI,,8266.91,Success,
2026-03-24 18:03:08,Credit Card,ICICI,,1869.85,Success,
2026-01-04 16:15:23,Debit Card,SBI,,4652.33,Success,
2026-03-08 18:42:21,Debit Card,ICICI,,3174.44,Success,
2026-03-17 18:00:13,Wallet,,PhonePe,1051.68,Success,
2026-03-25 04:16:00,Credit Card,Kotak,,2715.87,Success,
2026-03-02 21:35:16,Credit Card,SBI,,1660.06,Success,
2026-01-25 14:47:35,UPI,HDFC,,1708.33,Success,
2025-12-29 12:35:27,Debit Card,SBI,,3476.96,Success,
2026-02-15 21:34:50,Credit Card,HDFC,,4739.01,Success,
2026-03-22 11:32:34,Net Banking,Axis,,9201.78,Success,
2025-12-30 22:30:51,UPI,,,1606.38,Success,
2026-01-24 03:44:28,Debit Card,Kotak,,564.85,Success,
2026-01-15 15:58:40,UPI,SBI,,1935.56,Success,
2026-03-21 08:48:20,Credit Card,HDFC,,650.56,Success,
2026-02-16 04:17:26,Credit Card,SBI,,4012.56,Success,
2026-01-18 19:19:08,UPI,SBI,Paytm,1005.09,Failed,Network Error
2026-01-12 01:37:07,Wallet,,Paytm,1612.61,Success,
2026-02-15 04:15:48,Debit Card,SBI,,4403.98,Success,
2026-02-26 19:31:39,UPI,SBI,,1390.84,Success,
2026-01-29 15:51:44,Wallet,,PhonePe,1478.79,Success,
2026-01-19 22:18:21,Credit Card,ICICI,,4667.19,Success,
2026-02-08 12:18:58,Wallet,,Paytm,1002.43,Success,
2026-01-17 02:58:13,Credit Card,SBI,,3767.63,Success,
2026-01-03 17:10:07,Debit Card,Axis,,1275.89,Success,
2026-01-25 15:31:18,Wallet,,AmazonPay,369.17,Success,
2026-03-06 01:43:01,Net Banking,Kotak,,7645.16,Success,
2026-01-27 09:01:15,Net Banking,HDFC,,6112.5,Success,
2026-03-08 13:41:24,Credit Card,ICICI,,532.38,Success,
2026-01-31 07:35:31,Credit Card,HDFC,,4045.48,Success,
2026-02-24 15:42:32,Credit Card,ICICI,,2213.68,Success,
2025-12-28 13:33:30,Credit Card,Axis,,4991.63,Failed,
2026-02-03 09:57:00,Credit Card,HDFC,,752.75,Failed,Network Error
2026-02-11 01:34:30,Credit Card,HDFC,,4178.1,Success,
2026-02-10 07:31:38,Debit Card,Axis,,3643.71,Success,
2026-01-30 13:51:15,Debit Card,Kotak,,4144.48,Success,
2026-02-13 14:01:02,UPI,SBI,PhonePe,690.23,Success,
2026-03-17 00:53:12,Net Banking,ICICI,,5190.63,Success,
2026-01-10 14:03:44,Net Banking,HDFC,,5989.35,Success,
2026-01-19 11:07:11,Credit Card,Axis,,4635.6,Success,
2026-01-25 07:04:04,UPI,Axis,GooglePay,1185.46,Success,
2026-03-09 02:52:22,Debit Card,,,3461.08,Success,
2026-03-03 21:00:58,Debit Card,Axis,,1413.14,Success,
2026-01-27 09:18:04,UPI,ICICI,,840.54,Success,
2025-12-31 06:04:38,UPI,ICICI,GooglePay,871.43,Success,
2026-02-22 04:46:04,Debit Card,SBI,,2323.26,Success,
2026-03-15 01:29:40,Credit Card,HDFC,,1223.4,Success,
2026-03-18 07:38:38,Debit Card,,,4609.07,Failed,OTP Failed
2026-01-18 10:14:21,UPI,SBI,,394.79,Success,
2026-02-28 03:52:44,Debit Card,Axis,,1949.89,Success,
2026-02-18 23:18:07,Debit Card,SBI,,4847.24,Success,
2025-12-31 10:34:01,Debit Card,HDFC,,1602.37,Success,
2026-03-14 14:37:07,UPI,Axis,,33.47,Success,
2026-02-28 08:07:48,UPI,SBI,PhonePe,400.17,Success,
2026-02-18 01:52:35,UPI,HDFC,,507.34,Success,
2026-03-25 07:00:10,Debit Card,SBI,,607.25,Success,
2026-01-01 05:48:30,Credit Card,HDFC,,2394.37,Success,
2026-02-07 09:44:34,Debit Card,Axis,,1141.3,Success,
2026-02-12 06:54:17,Credit Card,SBI,,2043.22,Success,
2026-03-01 07:09:26,Credit Card,Axis,,3624.27,Success,
2026-02-20 03:34:51,Debit Card,SBI,,2515.08,Success,
2026-01-21 10:32:55,Debit Card,ICICI,,1342.17,Success,
2026-02-16 05:24:37,Credit Card,ICICI,,1834.12,Success,
2026-01-30 04:03:47,Debit Card,SBI,,378.34,Success,
2026-01-21 01:03:10,Debit Card,SBI,,3217.45,Success,
2026-01-21 06:49:40,Credit Card,Axis,,518.62,Success,
2026-02-13 11:11:27,UPI,SBI,,952.35,Failed,
2026-03-02 10:21:04,Net Banking,Axis,,2255.4,Success,
2026-02-07 16:31:23,UPI,Axis,,1896.51,Failed,Insufficient Balance
2026-01-22 08:55:26,Net Banking,Axis,,5405.03,Success,
2026-03-09 20:07:56,Debit Card,ICICI,,4067.42,Success,
2026-02-13 08:57:04,Debit Card,Axis,,3905.48,Failed,Insufficient Balance
2026-02-06 18:19:16,Credit Card,Kotak,,2615.58,Success,
2026-02-18 13:34:18,Debit Card,SBI,,1248.1,Success,
2026-01-28 21:55:12,Debit Card,SBI,,733.13,Success,
2026-02-18 03:07:05,Wallet,,AmazonPay,221.78,Failed,Insufficient Balance
2026-02-03 16:16:46,Credit Card,SBI,,3100.47,Success,
2026-03-02 15:08:04,Credit Card,SBI,,1475.51,Success,
2026-01-12 04:18:13,Debit Card,SBI,,2456.05,Success,
2026-03-01 07:43:09,UPI,ICICI,,200.79,Success,
2026-03-12 02:00:09,UPI,HDFC,Paytm,735.62,Success,
2026-03-15 13:14:14,Credit Card,HDFC,,4176.92,Success,
2026-02-18 10:35:09,Net Banking,ICICI,,4229.13,Success,
2026-01-15 07:09:05,Credit Card,ICICI,,1313.88,Success,
2026-01-23 20:19:55,Net Banking,Kotak,,4984.02,Success,
2026-02-12 07:11:33,Wallet,,Paytm,918.06,Success,
2026-02-28 03:09:30,Net Banking,ICICI,,6428.45,Success,
2026-01-20 21:09:25,Net Banking,SBI,,7511.23,Success,
2026-01-13 22:43:43,Wallet,,GooglePay,673.37,Success,
2026-03-17 15:31:47,Credit Card,Axis,,3581.36,Success,
2026-01-23 18:49:17,Net Banking,HDFC,,9992.3,Success,
2026-01-20 12:08:25,Debit Card,Axis,,3824.93,Success,
2026-02-06 08:05:30,Credit Card,ICICI,,1970.69,Success,
2026-03-21 18:20:58,Credit Card,Axis,,4133.41,Success,
2026-03-08 14:36:27,Debit Card,,,1453.8,Success,
2026-03-21 09:36:21,Credit Card,HDFC,,1450.0,Success,
2026-01-10 11:43:34,Credit Card,Kotak,,4854.11,Success,
2026-02-19 02:32:36,Credit Card,HDFC,,1005.98,Failed,Network Error
2026-01-28 06:11:38,UPI,HDFC,AmazonPay,291.7,Success,
2026-01-09 19:53:50,Wallet,,Paytm,181.92,Success,
2026-02-01 16:20:23,UPI,Kotak,,230.04,Success,
2025-12-27 19:05:26,Wallet,,GooglePay,1997.02,Success,
2026-02-03 03:42:44,Debit Card,Axis,,3736.47,Success,
2026-01-08 17:34:48,Debit Card,Axis,,3111.55,Success,
2026-02-15 00:28:52,UPI,HDFC,,1618.23,Success,
2026-02-26 01:43:09,Debit Card,,,3709.79,Success,
2026-03-07 14:18:01,Credit Card,SBI,,884.88,Success,
2026-01-14 14:09:21,Net Banking,SBI,,824.78,Success,
2026-01-29 21:22:29,UPI,SBI,,1955.95,Success,
2026-03-14 07:44:00,Credit Card,SBI,,4546.58,Success,
2026-02-16 03:28:30,Credit Card,Axis,,2696.62,Failed,Insufficient Balance
2026-01-27 01:11:25,UPI,Axis,,1396.68,Success,
2026-02-16 02:58:01,Credit Card,Axis,,4068.91,Success,
2026-03-19 17:17:25,Wallet,,Paytm,1093.51,Success,
2026-03-21 17:28:33,Debit Card,,,4108.62,Success,
2026-01-20 15:46:50,Debit Card,,,541.5,Success,
2026-01-31 03:22:21,Net Banking,Kotak,,3105.57,Success,
2025-12-27 12:49:03,Wallet,,GooglePay,1779.44,Success,
2026-02-11 15:09:04,Debit Card,SBI,,1395.56,Success,
2026-03-11 07:20:29,Credit Card,HDFC,,3102.78,Success,
2026-01-14 23:33:13,UPI,SBI,,1703.65,Success,
2026-01-29 10:27:18,Credit Card,ICICI,,2788.7,Success,
2026-01-08 18:13:28,Debit Card,SBI,,4837.85,Success,
2026-02-16 16:29:12,Net Banking,ICICI,,7586.27,Success,
2026-01-22 15:10:43,Net Banking,SBI,,472.09,Success,
2026-01-13 06:22:16,Net Banking,Axis,,8750.1,Success,
2026-02-16 19:09:00,Credit Card,Axis,,4411.94,Success,
2026-01-07 00:45:47,UPI,SBI,GooglePay,426.61,Success,
2026-03-14 09:16:58,Credit Card,ICICI,,4762.85,Failed,Insufficient Balance
2026-01-16 11:46:04,Credit Card,SBI,,1437.95,Success,
2026-02-03 07:10:36,Wallet,,GooglePay,1589.28,Success,
2026-02-15 16:35:04,Debit Card,HDFC,,1958.14,Success,
2026-01-15 05:37:12,Debit Card,SBI,,4241.4,Success,
2026-03-19 13:30:43,Wallet,,GooglePay,1405.67,Success,
2026-03-05 05:04:52,Wallet,,,1732.97,Success,
2026-01-27 02:17:08,UPI,ICICI,,1428.51,Success,
2026-01-13 03:19:00,UPI,SBI,,132.13,Success,
2025-12-29 11:47:51,Net Banking,SBI,,149.94,Success,
2026-03-15 21:56:19,UPI,ICICI,,775.8,Success,
2026-02-10 07:08:34,Debit Card,,,1705.37,Success,
2026-01-15 21:45:05,UPI,ICICI,,431.02,Failed,
2026-03-07 20:12:19,Wallet,,Paytm,1172.36,Failed,Insufficient Balance
2026-01-28 11:59:36,Debit Card,Axis,,2533.46,Success,
2026-02-05 23:09:44,Credit Card,ICICI,,1743.13,Success,
2026-02-05 21:12:21,Debit Card,,,4415.27,Failed,Insufficient Balance
2026-02-19 07:45:33,Debit Card,Kotak,,1653.26,Success,
2026-03-04 21:13:00,Wallet,,PhonePe,1663.41,Success,
2026-01-20 05:19:15,UPI,Kotak,PhonePe,375.05,Success,
2025-12-29 03:34:39,Credit Card,SBI,,3235.73,Success,
2026-01-01 15:45:18,Debit Card,HDFC,,1855.88,Success,
2026-03-16 10:43:30,Debit Card,HDFC,,3132.56,Success,
2026-01-03 18:59:48,Net Banking,Axis,,7915.61,Success,
2025-12-29 06:57:55,UPI,SBI,,1521.85,Failed,Network Error
2025-12-29 15:09:33,Credit Card,SBI,,636.92,Success,
2026-03-13 10:08:03,UPI,ICICI,,726.87,Success,
2026-02-04 06:32:55,Credit Card,ICICI,,962.31,Success,
2026-01-26 07:55:29,UPI,SBI,,224.73,Success,
2026-01-11 14:26:14,UPI,HDFC,,1481.39,Success,
2026-01-04 18:45:48,Debit Card,HDFC,,4200.87,Success,
2026-02-23 11:34:28,UPI,,Paytm,56.0,Success,
2025-12-29 14:21:39,Net Banking,,,4613.48,Success,
2026-01-22 05:05:44,Wallet,,Paytm,152.54,Success,
2026-01-29 14:28:56,Credit Card,ICICI,,502.96,Success,
2026-01-02 00:38:33,UPI,SBI,,882.41,Success,
2026-01-08 06:15:58,Net Banking,Kotak,,4464.66,Failed,Network Error
2026-03-06 12:05:19,Debit Card,SBI,,3214.87,Success,
2026-02-02 23:04:32,Debit Card,SBI,,3333.58,Success,
2026-01-04 13:13:58,Credit Card,SBI,,1717.25,Success,
2026-02-19 04:32:21,Credit Card,ICICI,,70.65,Success,
2026-02-24 04:44:23,Net Banking,ICICI,,6051.23,Success,
2026-02-19 03:34:35,UPI,SBI,GooglePay,493.58,Success,
2026-01-20 03:50:03,UPI,ICICI,,1291.05,Success,
2026-02-22 10:09:01,Net Banking,Kotak,,8323.42,Success,
2026-03-23 13:50:18,Net Banking,Axis,,5562.91,Success,
